Constituency,Conservative,Labour,Liberal Democrat,Reform UK,Green Party,Scottish National Party,Plaid Cymru,Other,Winner,GE_winner,Change,,
Aberafan Maesteg,7%,21%,14%,39%,2%,0%,13%,5%,Reform UK,Labour,Reform UK GAIN from Labour,,
Aberdeen North,12%,28%,8%,12%,1%,37%,0%,1%,SNP,SNP,SNP HOLD,,
Aberdeen South,24%,21%,9%,18%,1%,25%,0%,2%,SNP,SNP,SNP HOLD,,
Aberdeenshire North and Moray East,23%,8%,4%,24%,1%,33%,0%,8%,SNP,SNP,SNP HOLD,,
Airdrie and Shotts,11%,20%,8%,19%,3%,39%,0%,1%,SNP,Labour,SNP GAIN from Labour,,
Aldershot,22%,24%,10%,34%,9%,0%,0%,1%,Reform UK,Labour,Reform UK GAIN from Labour,,
Aldridge-Brownhills,27%,17%,12%,40%,4%,0%,0%,0%,Reform UK,Conservative,Reform UK GAIN from Conservative,,
Alloa and Grangemouth,10%,18%,4%,26%,2%,38%,0%,3%,SNP,Labour,SNP GAIN from Labour,,
Altrincham and Sale West,26%,28%,11%,22%,13%,0%,0%,1%,Labour,Labour,Labour HOLD,,
Alyn and Deeside,19%,18%,9%,34%,7%,0%,6%,7%,Reform UK,Labour,Reform UK GAIN from Labour,,
Amber Valley,19%,20%,14%,42%,5%,0%,0%,0%,Reform UK,Labour,Reform UK GAIN from Labour,,
Angus and Perthshire Glens,21%,9%,3%,18%,1%,44%,0%,5%,SNP,SNP,SNP HOLD,,
Arbroath and Broughty Ferry,11%,18%,2%,21%,0%,47%,0%,2%,SNP,SNP,SNP HOLD,,
"Argyll, Bute and South Lochaber",18%,9%,6%,20%,1%,41%,0%,5%,SNP,SNP,SNP HOLD,,
Arundel and South Downs,36%,12%,16%,21%,15%,0%,0%,0%,Conservative,Conservative,Conservative HOLD,,
Ashfield,9%,17%,11%,48%,1%,0%,0%,14%,Reform UK,Reform UK,Reform UK HOLD,,
Ashford,22%,17%,9%,40%,13%,0%,0%,1%,Reform UK,Labour,Reform UK GAIN from Labour,,
Ashton-under-Lyne,13%,24%,8%,46%,8%,0%,0%,1%,Reform UK,Labour,Reform UK GAIN from Labour,,
Aylesbury,27%,23%,23%,21%,7%,0%,0%,0%,Conservative,Labour,Conservative GAIN from Labour,,
"Ayr, Carrick and Cumnock",16%,33%,5%,14%,2%,28%,0%,2%,Labour,Labour,Labour HOLD,,
Banbury,29%,24%,16%,23%,9%,0%,0%,0%,Conservative,Labour,Conservative GAIN from Labour,,
Bangor Aberconwy,11%,17%,1%,34%,6%,0%,29%,2%,Reform UK,Labour,Reform UK GAIN from Labour,,
Barking,15%,23%,2%,33%,15%,0%,0%,12%,Reform UK,Labour,Reform UK GAIN from Labour,,
Barnsley North,9%,19%,9%,57%,5%,0%,0%,0%,Reform UK,Labour,Reform UK GAIN from Labour,,
Barnsley South,9%,16%,8%,63%,4%,0%,0%,0%,Reform UK,Labour,Reform UK GAIN from Labour,,
Barrow and Furness,21%,24%,13%,38%,3%,0%,0%,0%,Reform UK,Labour,Reform UK GAIN from Labour,,
Basildon and Billericay,26%,17%,8%,43%,7%,0%,0%,0%,Reform UK,Conservative,Reform UK GAIN from Conservative,,
Basingstoke,22%,24%,10%,33%,11%,0%,0%,0%,Reform UK,Labour,Reform UK GAIN from Labour,,
Bassetlaw,19%,21%,12%,43%,5%,0%,0%,0%,Reform UK,Labour,Reform UK GAIN from Labour,,
Bath,19%,18%,38%,13%,12%,0%,0%,1%,Liberal Democrat,Liberal Democrat,Liberal Democrat HOLD,,
Bathgate and Linlithgow,13%,20%,6%,23%,1%,35%,0%,2%,SNP,Labour,SNP GAIN from Labour,,
Battersea,23%,42%,15%,10%,9%,0%,0%,1%,Labour,Labour,Labour HOLD,,
Beaconsfield,33%,15%,25%,21%,6%,0%,0%,1%,Conservative,Conservative,Conservative HOLD,,
Beckenham and Penge,26%,40%,15%,10%,8%,0%,0%,1%,Labour,Labour,Labour HOLD,,
Bedford,22%,33%,12%,24%,9%,0%,0%,1%,Labour,Labour,Labour HOLD,,
Bermondsey and Old Southwark,13%,34%,17%,15%,21%,0%,0%,1%,Labour,Labour,Labour HOLD,,
"Berwickshire, Roxburgh and Selkirk",30%,21%,7%,14%,2%,21%,0%,5%,Conservative,Conservative,Conservative HOLD,,
Bethnal Green and Stepney,8%,33%,10%,10%,13%,0%,0%,26%,Labour,Labour,Labour HOLD,,
Beverley and Holderness,27%,19%,16%,35%,4%,0%,0%,0%,Reform UK,Conservative,Reform UK GAIN from Conservative,,
Bexhill and Battle,32%,17%,11%,30%,9%,0%,0%,1%,Conservative,Conservative,Conservative HOLD,,
Bexleyheath and Crayford,31%,27%,12%,21%,7%,0%,0%,2%,Conservative,Labour,Conservative GAIN from Labour,,
Bicester and Woodstock,26%,16%,35%,17%,6%,0%,0%,0%,Liberal Democrat,Liberal Democrat,Liberal Democrat HOLD,,
Birkenhead,9%,34%,10%,28%,19%,0%,0%,1%,Labour,Labour,Labour HOLD,,
Birmingham Edgbaston,21%,34%,9%,28%,7%,0%,0%,1%,Labour,Labour,Labour HOLD,,
Birmingham Erdington,15%,23%,7%,48%,6%,0%,0%,1%,Reform UK,Labour,Reform UK GAIN from Labour,,
Birmingham Hall Green and Moseley,12%,29%,9%,15%,10%,0%,0%,26%,Labour,Labour,Labour HOLD,,
Birmingham Hodge Hill and Solihull North,13%,17%,4%,36%,8%,0%,0%,21%,Reform UK,Labour,Reform UK GAIN from Labour,,
Birmingham Ladywood,9%,30%,7%,21%,9%,0%,0%,26%,Labour,Labour,Labour HOLD,,
Birmingham Northfield,19%,25%,8%,41%,7%,0%,0%,0%,Reform UK,Labour,Reform UK GAIN from Labour,,
Birmingham Perry Barr,13%,25%,6%,22%,7%,0%,0%,28%,Other,Independent,Independent HOLD,,
Birmingham Selly Oak,15%,33%,9%,32%,11%,0%,0%,1%,Labour,Labour,Labour HOLD,,
Birmingham Yardley,13%,20%,7%,31%,5%,0%,0%,23%,Reform UK,Labour,Reform UK GAIN from Labour,,
Bishop Auckland,19%,19%,11%,46%,5%,0%,0%,0%,Reform UK,Labour,Reform UK GAIN from Labour,,
Blackburn,10%,17%,5%,30%,6%,0%,0%,33%,Other,Independent,Independent HOLD,,
Blackley and Middleton South,13%,29%,6%,39%,11%,0%,0%,2%,Reform UK,Labour,Reform UK GAIN from Labour,,
Blackpool North and Fleetwood,20%,21%,10%,46%,3%,0%,0%,0%,Reform UK,Labour,Reform UK GAIN from Labour,,
Blackpool South,15%,17%,5%,60%,2%,0%,0%,0%,Reform UK,Labour,Reform UK GAIN from Labour,,
Blaenau Gwent and Rhymney,16%,19%,15%,22%,6%,0%,13%,11%,Reform UK,Labour,Reform UK GAIN from Labour,,
Blaydon and Consett,12%,26%,16%,38%,9%,0%,0%,0%,Reform UK,Labour,Reform UK GAIN from Labour,,
Blyth and Ashington,11%,21%,11%,50%,6%,0%,0%,0%,Reform UK,Labour,Reform UK GAIN from Labour,,
Bognor Regis and Littlehampton,28%,16%,13%,37%,6%,0%,0%,0%,Reform UK,Conservative,Reform UK GAIN from Conservative,,
Bolsover,16%,19%,11%,45%,9%,0%,0%,0%,Reform UK,Labour,Reform UK GAIN from Labour,,
Bolton North East,18%,21%,8%,43%,9%,0%,0%,1%,Reform UK,Labour,Reform UK GAIN from Labour,,
Bolton South and Walkden,11%,20%,5%,44%,7%,0%,0%,12%,Reform UK,Labour,Reform UK GAIN from Labour,,
Bolton West,23%,24%,12%,33%,8%,0%,0%,0%,Reform UK,Labour,Reform UK GAIN from Labour,,
Bootle,7%,44%,9%,30%,11%,0%,0%,0%,Labour,Labour,Labour HOLD,,
Boston and Skegness,20%,8%,6%,62%,4%,0%,0%,1%,Reform UK,Reform UK,Reform UK HOLD,,
Bournemouth East,24%,20%,7%,37%,11%,0%,0%,1%,Reform UK,Labour,Reform UK GAIN from Labour,,
Bournemouth West,24%,21%,12%,35%,7%,0%,0%,0%,Reform UK,Labour,Reform UK GAIN from Labour,,
Bracknell,24%,20%,11%,35%,9%,0%,0%,1%,Reform UK,Labour,Reform UK GAIN from Labour,,
Bradford East,12%,24%,6%,30%,7%,0%,0%,22%,Reform UK,Labour,Reform UK GAIN from Labour,,
Bradford South,12%,17%,6%,45%,8%,0%,0%,12%,Reform UK,Labour,Reform UK GAIN from Labour,,
Bradford West,9%,23%,6%,23%,10%,0%,0%,29%,Other,Labour,Independent GAIN from Labour,,
Braintree,28%,17%,14%,35%,6%,0%,0%,0%,Reform UK,Conservative,Reform UK GAIN from Conservative,,
"Brecon, Radnor and Cwm Tawe",8%,16%,19%,34%,6%,0%,16%,2%,Reform UK,Liberal Democrat,Reform UK GAIN from Liberal Democrat,,
Brent East,20%,41%,8%,17%,13%,0%,0%,1%,Labour,Labour,Labour HOLD,,
Brent West,28%,36%,9%,15%,11%,0%,0%,1%,Labour,Labour,Labour HOLD,,
Brentford and Isleworth,23%,38%,9%,17%,12%,0%,0%,1%,Labour,Labour,Labour HOLD,,
Brentwood and Ongar,35%,15%,13%,32%,6%,0%,0%,0%,Conservative,Conservative,Conservative HOLD,,
Bridgend,6%,22%,8%,44%,4%,0%,13%,4%,Reform UK,Labour,Reform UK GAIN from Labour,,
Bridgwater,24%,15%,15%,41%,5%,0%,0%,0%,Reform UK,Conservative,Reform UK GAIN from Conservative,,
Bridlington and The Wolds,26%,14%,12%,45%,3%,0%,0%,0%,Reform UK,Conservative,Reform UK GAIN from Conservative,,
Brigg and Immingham,23%,14%,14%,43%,5%,0%,0%,0%,Reform UK,Conservative,Reform UK GAIN from Conservative,,
Brighton Kemptown and Peacehaven,20%,31%,10%,16%,22%,0%,0%,1%,Labour,Labour,Labour HOLD,,
Brighton Pavilion,9%,16%,8%,7%,60%,0%,0%,0%,Green,Green,Green HOLD,,
Bristol Central,6%,23%,6%,5%,59%,0%,0%,0%,Green,Green,Green HOLD,,
Bristol East,15%,29%,9%,14%,33%,0%,0%,1%,Green,Labour,Green GAIN from Labour,,
Bristol North East,16%,29%,10%,24%,21%,0%,0%,1%,Labour,Labour,Labour HOLD,,
Bristol North West,17%,35%,11%,16%,21%,0%,0%,0%,Labour,Labour,Labour HOLD,,
Bristol South,14%,25%,8%,26%,27%,0%,0%,0%,Green,Labour,Green GAIN from Labour,,
Broadland and Fakenham,28%,16%,17%,31%,8%,0%,0%,0%,Reform UK,Conservative,Reform UK GAIN from Conservative,,
Bromley and Biggin Hill,28%,23%,9%,31%,9%,0%,0%,1%,Reform UK,Conservative,Reform UK GAIN from Conservative,,
Bromsgrove,28%,19%,21%,27%,5%,0%,0%,0%,Conservative,Conservative,Conservative HOLD,,
Broxbourne,30%,19%,10%,35%,6%,0%,0%,0%,Reform UK,Conservative,Reform UK GAIN from Conservative,,
Broxtowe,19%,31%,17%,25%,7%,0%,0%,1%,Labour,Labour,Labour HOLD,,
Buckingham and Bletchley,27%,26%,13%,26%,8%,0%,0%,0%,Conservative,Labour,Conservative GAIN from Labour,,
Burnley,16%,18%,18%,44%,4%,0%,0%,0%,Reform UK,Labour,Reform UK GAIN from Labour,,
Burton and Uttoxeter,23%,20%,14%,38%,6%,0%,0%,0%,Reform UK,Labour,Reform UK GAIN from Labour,,
Bury North,22%,30%,11%,33%,5%,0%,0%,1%,Reform UK,Labour,Reform UK GAIN from Labour,,
Bury South,20%,32%,12%,30%,6%,0%,0%,1%,Labour,Labour,Labour HOLD,,
Bury St Edmunds and Stowmarket,24%,21%,14%,26%,14%,0%,0%,0%,Reform UK,Labour,Reform UK GAIN from Labour,,
Caerfyrddin,9%,12%,1%,31%,6%,0%,39%,2%,Plaid Cymru,Plaid Cymru,Plaid Cymru HOLD,,
Caerphilly,11%,16%,8%,30%,2%,0%,26%,6%,Reform UK,Labour,Reform UK GAIN from Labour,,
"Caithness, Sutherland and Easter Ross",8%,3%,30%,21%,1%,30%,0%,7%,Liberal Democrat,Liberal Democrat,Liberal Democrat HOLD,,
Calder Valley,23%,26%,14%,30%,6%,0%,0%,0%,Reform UK,Labour,Reform UK GAIN from Labour,,
Camborne and Redruth,25%,24%,12%,34%,6%,0%,0%,1%,Reform UK,Labour,Reform UK GAIN from Labour,,
Cambridge,12%,38%,19%,9%,22%,0%,0%,1%,Labour,Labour,Labour HOLD,,
Cannock Chase,21%,19%,11%,43%,6%,0%,0%,0%,Reform UK,Labour,Reform UK GAIN from Labour,,
Canterbury,22%,27%,12%,23%,16%,0%,0%,0%,Labour,Labour,Labour HOLD,,
Cardiff East,10%,22%,18%,21%,10%,0%,17%,2%,Labour,Labour,Labour HOLD,,
Cardiff North,13%,27%,15%,21%,10%,0%,10%,3%,Labour,Labour,Labour HOLD,,
Cardiff South and Penarth,13%,27%,9%,18%,12%,0%,19%,2%,Labour,Labour,Labour HOLD,,
Cardiff West,10%,21%,10%,22%,8%,0%,26%,3%,Plaid Cymru,Labour,Plaid Cymru GAIN from Labour,,
Carlisle,21%,22%,14%,38%,5%,0%,0%,0%,Reform UK,Labour,Reform UK GAIN from Labour,,
Carshalton and Wallington,25%,17%,35%,20%,3%,0%,0%,1%,Liberal Democrat,Liberal Democrat,Liberal Democrat HOLD,,
Castle Point,26%,12%,11%,46%,5%,0%,0%,0%,Reform UK,Conservative,Reform UK GAIN from Conservative,,
Central Ayrshire,14%,24%,4%,21%,1%,33%,0%,3%,SNP,Labour,SNP GAIN from Labour,,
Central Devon,33%,18%,16%,25%,9%,0%,0%,0%,Conservative,Conservative,Conservative HOLD,,
Central Suffolk and North Ipswich,25%,16%,19%,28%,13%,0%,0%,0%,Reform UK,Conservative,Reform UK GAIN from Conservative,,
Ceredigion Preseli,9%,8%,4%,20%,6%,0%,52%,1%,Plaid Cymru,Plaid Cymru,Plaid Cymru HOLD,,
Chatham and Aylesford,25%,16%,9%,42%,8%,0%,0%,0%,Reform UK,Labour,Reform UK GAIN from Labour,,
Cheadle,22%,19%,41%,14%,3%,0%,0%,0%,Liberal Democrat,Liberal Democrat,Liberal Democrat HOLD,,
Chelmsford,27%,14%,35%,22%,3%,0%,0%,0%,Liberal Democrat,Liberal Democrat,Liberal Democrat HOLD,,
Chelsea and Fulham,35%,32%,10%,15%,8%,0%,0%,1%,Conservative,Labour,Conservative GAIN from Labour,,
Cheltenham,29%,12%,42%,12%,5%,0%,0%,0%,Liberal Democrat,Liberal Democrat,Liberal Democrat HOLD,,
Chesham and Amersham,27%,11%,34%,21%,6%,0%,0%,1%,Liberal Democrat,Liberal Democrat,Liberal Democrat HOLD,,
Chester North and Neston,18%,34%,14%,23%,11%,0%,0%,0%,Labour,Labour,Labour HOLD,,
Chester South and Eddisbury,34%,22%,18%,20%,6%,0%,0%,0%,Conservative,Conservative,Conservative HOLD,,
Chesterfield,17%,26%,11%,39%,7%,0%,0%,0%,Reform UK,Labour,Reform UK GAIN from Labour,,
Chichester,24%,10%,39%,22%,5%,0%,0%,0%,Liberal Democrat,Liberal Democrat,Liberal Democrat HOLD,,
Chingford and Woodford Green,31%,17%,6%,16%,8%,0%,0%,22%,Conservative,Conservative,Conservative HOLD,,
Chippenham,24%,13%,40%,20%,3%,0%,0%,0%,Liberal Democrat,Liberal Democrat,Liberal Democrat HOLD,,
Chipping Barnet,30%,26%,7%,23%,13%,0%,0%,1%,Conservative,Labour,Conservative GAIN from Labour,,
Christchurch,28%,14%,24%,28%,5%,0%,0%,1%,Reform UK,Conservative,Reform UK GAIN from Conservative,,
Cities of London and Westminster,29%,32%,13%,16%,10%,0%,0%,1%,Labour,Labour,Labour HOLD,,
City of Durham,13%,27%,20%,31%,9%,0%,0%,0%,Reform UK,Labour,Reform UK GAIN from Labour,,
Clacton,20%,6%,5%,66%,3%,0%,0%,1%,Reform UK,Reform UK,Reform UK HOLD,,
Clapham and Brixton Hill,14%,46%,17%,10%,13%,0%,0%,0%,Labour,Labour,Labour HOLD,,
Clwyd East,21%,20%,6%,34%,7%,0%,9%,3%,Reform UK,Labour,Reform UK GAIN from Labour,,
Clwyd North,14%,22%,7%,31%,5%,0%,15%,8%,Reform UK,Labour,Reform UK GAIN from Labour,,
Coatbridge and Bellshill,8%,18%,9%,17%,3%,44%,0%,1%,SNP,Labour,SNP GAIN from Labour,,
Colchester,21%,24%,12%,34%,9%,0%,0%,1%,Reform UK,Labour,Reform UK GAIN from Labour,,
Colne Valley,25%,27%,14%,28%,6%,0%,0%,0%,Reform UK,Labour,Reform UK GAIN from Labour,,
Congleton,27%,24%,17%,27%,6%,0%,0%,1%,Conservative,Labour,Conservative GAIN from Labour,,
Corby and East Northamptonshire,24%,27%,11%,31%,7%,0%,0%,0%,Reform UK,Labour,Reform UK GAIN from Labour,,
Coventry East,15%,29%,9%,39%,9%,0%,0%,0%,Reform UK,Labour,Reform UK GAIN from Labour,,
Coventry North West,17%,28%,12%,33%,9%,0%,0%,0%,Reform UK,Labour,Reform UK GAIN from Labour,,
Coventry South,21%,33%,10%,29%,6%,0%,0%,1%,Labour,Labour,Labour HOLD,,
Cowdenbeath and Kirkcaldy,10%,31%,4%,18%,1%,33%,0%,2%,SNP,Labour,SNP GAIN from Labour,,
Cramlington and Killingworth,14%,26%,13%,38%,8%,0%,0%,0%,Reform UK,Labour,Reform UK GAIN from Labour,,
Crawley,21%,20%,8%,38%,12%,0%,0%,1%,Reform UK,Labour,Reform UK GAIN from Labour,,
Crewe and Nantwich,17%,26%,16%,34%,6%,0%,0%,0%,Reform UK,Labour,Reform UK GAIN from Labour,,
Croydon East,26%,35%,13%,15%,10%,0%,0%,1%,Labour,Labour,Labour HOLD,,
Croydon South,32%,26%,10%,24%,7%,0%,0%,1%,Conservative,Conservative,Conservative HOLD,,
Croydon West,17%,43%,12%,18%,10%,0%,0%,1%,Labour,Labour,Labour HOLD,,
Cumbernauld and Kirkintilloch,11%,16%,6%,18%,1%,47%,0%,2%,SNP,Labour,SNP GAIN from Labour,,
Dagenham and Rainham,18%,22%,4%,42%,12%,0%,0%,2%,Reform UK,Labour,Reform UK GAIN from Labour,,
Darlington,21%,23%,14%,35%,8%,0%,0%,0%,Reform UK,Labour,Reform UK GAIN from Labour,,
Dartford,27%,20%,9%,32%,10%,0%,0%,3%,Reform UK,Labour,Reform UK GAIN from Labour,,
Daventry,30%,17%,16%,30%,7%,0%,0%,0%,Conservative,Conservative,Conservative HOLD,,
Derby North,23%,29%,12%,27%,9%,0%,0%,1%,Labour,Labour,Labour HOLD,,
Derby South,14%,16%,8%,38%,11%,0%,0%,13%,Reform UK,Labour,Reform UK GAIN from Labour,,
Derbyshire Dales,30%,21%,16%,24%,8%,0%,0%,0%,Conservative,Labour,Conservative GAIN from Labour,,
Dewsbury and Batley,11%,17%,7%,30%,5%,0%,0%,30%,Other,Independent,Independent HOLD,,
Didcot and Wantage,25%,15%,36%,18%,6%,0%,0%,0%,Liberal Democrat,Liberal Democrat,Liberal Democrat HOLD,,
Doncaster Central,16%,21%,8%,49%,7%,0%,0%,1%,Reform UK,Labour,Reform UK GAIN from Labour,,
Doncaster East and the Isle of Axholme,20%,18%,12%,45%,4%,0%,0%,0%,Reform UK,Labour,Reform UK GAIN from Labour,,
Doncaster North,12%,16%,9%,44%,6%,0%,0%,14%,Reform UK,Labour,Reform UK GAIN from Labour,,
Dorking and Horley,30%,11%,35%,18%,7%,0%,0%,0%,Liberal Democrat,Liberal Democrat,Liberal Democrat HOLD,,
Dover and Deal,20%,24%,12%,35%,9%,0%,0%,1%,Reform UK,Labour,Reform UK GAIN from Labour,,
Droitwich and Evesham,32%,14%,14%,31%,9%,0%,0%,0%,Conservative,Conservative,Conservative HOLD,,
Dudley,18%,13%,6%,59%,4%,0%,0%,1%,Reform UK,Labour,Reform UK GAIN from Labour,,
Dulwich and West Norwood,12%,47%,9%,9%,23%,0%,0%,1%,Labour,Labour,Labour HOLD,,
Dumfries and Galloway,19%,42%,5%,8%,1%,23%,0%,2%,Labour,Conservative,Labour GAIN from Conservative,,
"Dumfriesshire, Clydesdale and Tweeddale",29%,21%,6%,16%,1%,21%,0%,6%,Conservative,Conservative,Conservative HOLD,,
Dundee Central,7%,33%,6%,15%,3%,31%,0%,6%,Labour,SNP,Labour GAIN from SNP,,
Dunfermline and Dollar,10%,29%,4%,20%,1%,35%,0%,2%,SNP,Labour,SNP GAIN from Labour,,
Dunstable and Leighton Buzzard,26%,22%,18%,29%,5%,0%,0%,0%,Reform UK,Labour,Reform UK GAIN from Labour,,
Dwyfor Meirionnydd,10%,8%,1%,29%,5%,0%,44%,3%,Plaid Cymru,Plaid Cymru,Plaid Cymru HOLD,,
Ealing Central and Acton,21%,39%,12%,13%,14%,0%,0%,1%,Labour,Labour,Labour HOLD,,
Ealing North,25%,27%,6%,22%,19%,0%,0%,1%,Labour,Labour,Labour HOLD,,
Ealing Southall,15%,41%,9%,11%,12%,0%,0%,13%,Labour,Labour,Labour HOLD,,
Earley and Woodley,30%,29%,18%,13%,10%,0%,0%,0%,Conservative,Labour,Conservative GAIN from Labour,,
Easington,9%,22%,11%,53%,5%,0%,0%,0%,Reform UK,Labour,Reform UK GAIN from Labour,,
East Grinstead and Uckfield,33%,15%,25%,13%,13%,0%,0%,1%,Conservative,Conservative,Conservative HOLD,,
East Ham,12%,38%,4%,13%,15%,0%,0%,17%,Labour,Labour,Labour HOLD,,
East Hampshire,32%,12%,31%,19%,7%,0%,0%,0%,Conservative,Conservative,Conservative HOLD,,
East Kilbride and Strathaven,14%,20%,8%,18%,1%,37%,0%,2%,SNP,Labour,SNP GAIN from Labour,,
East Renfrewshire,21%,30%,8%,11%,1%,30%,0%,1%,SNP,Labour,SNP GAIN from Labour,,
East Surrey,32%,17%,21%,24%,7%,0%,0%,1%,Conservative,Conservative,Conservative HOLD,,
East Thanet,22%,15%,5%,44%,14%,0%,0%,1%,Reform UK,Labour,Reform UK GAIN from Labour,,
East Wiltshire,29%,23%,19%,22%,6%,0%,0%,2%,Conservative,Conservative,Conservative HOLD,,
East Worthing and Shoreham,24%,26%,13%,26%,11%,0%,0%,0%,Labour,Labour,Labour HOLD,,
Eastbourne,23%,10%,40%,24%,3%,0%,0%,0%,Liberal Democrat,Liberal Democrat,Liberal Democrat HOLD,,
Eastleigh,25%,15%,35%,20%,6%,0%,0%,0%,Liberal Democrat,Liberal Democrat,Liberal Democrat HOLD,,
Edinburgh East and Musselburgh,10%,21%,18%,14%,5%,23%,0%,10%,SNP,Labour,SNP GAIN from Labour,,
Edinburgh North and Leith,11%,21%,19%,14%,3%,21%,0%,11%,Labour,Labour,Labour HOLD,,
Edinburgh South,16%,30%,20%,12%,4%,8%,0%,11%,Labour,Labour,Labour HOLD,,
Edinburgh South West,19%,28%,11%,14%,3%,20%,0%,5%,Labour,Labour,Labour HOLD,,
Edinburgh West,11%,17%,38%,11%,1%,22%,0%,1%,Liberal Democrat,Liberal Democrat,Liberal Democrat HOLD,,
Edmonton and Winchmore Hill,21%,38%,10%,19%,11%,0%,0%,1%,Labour,Labour,Labour HOLD,,
Ellesmere Port and Bromborough,12%,35%,13%,31%,9%,0%,0%,0%,Labour,Labour,Labour HOLD,,
Eltham and Chislehurst,26%,32%,7%,26%,8%,0%,0%,1%,Labour,Labour,Labour HOLD,,
Ely and East Cambridgeshire,27%,14%,31%,22%,5%,0%,0%,0%,Liberal Democrat,Liberal Democrat,Liberal Democrat HOLD,,
Enfield North,21%,36%,10%,22%,10%,0%,0%,1%,Labour,Labour,Labour HOLD,,
Epping Forest,32%,17%,10%,31%,8%,0%,0%,2%,Conservative,Conservative,Conservative HOLD,,
Epsom and Ewell,23%,19%,31%,22%,4%,0%,0%,1%,Liberal Democrat,Liberal Democrat,Liberal Democrat HOLD,,
Erewash,20%,23%,15%,36%,5%,0%,0%,0%,Reform UK,Labour,Reform UK GAIN from Labour,,
Erith and Thamesmead,16%,37%,8%,27%,12%,0%,0%,1%,Labour,Labour,Labour HOLD,,
Esher and Walton,24%,16%,38%,18%,3%,0%,0%,1%,Liberal Democrat,Liberal Democrat,Liberal Democrat HOLD,,
Exeter,14%,31%,15%,23%,18%,0%,0%,0%,Labour,Labour,Labour HOLD,,
Exmouth and Exeter East,23%,22%,24%,24%,5%,0%,0%,1%,Liberal Democrat,Conservative,Liberal Democrat GAIN from Conservative,,
Falkirk,12%,17%,5%,23%,1%,39%,0%,3%,SNP,Labour,SNP GAIN from Labour,,
Fareham and Waterlooville,27%,16%,23%,28%,6%,0%,0%,0%,Reform UK,Conservative,Reform UK GAIN from Conservative,,
Farnham and Bordon,30%,15%,34%,16%,5%,0%,0%,0%,Liberal Democrat,Conservative,Liberal Democrat GAIN from Conservative,,
Faversham and Mid Kent,28%,17%,13%,31%,11%,0%,0%,0%,Reform UK,Conservative,Reform UK GAIN from Conservative,,
Feltham and Heston,18%,30%,7%,23%,10%,0%,0%,12%,Labour,Labour,Labour HOLD,,
Filton and Bradley Stoke,22%,30%,17%,22%,10%,0%,0%,0%,Labour,Labour,Labour HOLD,,
Finchley and Golders Green,33%,27%,9%,19%,11%,0%,0%,1%,Conservative,Labour,Conservative GAIN from Labour,,
Folkestone and Hythe,24%,18%,8%,38%,12%,0%,0%,0%,Reform UK,Labour,Reform UK GAIN from Labour,,
Forest of Dean,24%,15%,8%,38%,15%,0%,0%,1%,Reform UK,Labour,Reform UK GAIN from Labour,,
Frome and East Somerset,24%,13%,30%,21%,12%,0%,0%,0%,Liberal Democrat,Liberal Democrat,Liberal Democrat HOLD,,
Fylde,26%,22%,15%,32%,4%,0%,0%,1%,Reform UK,Conservative,Reform UK GAIN from Conservative,,
Gainsborough,28%,17%,15%,36%,4%,0%,0%,0%,Reform UK,Conservative,Reform UK GAIN from Conservative,,
Gateshead Central and Whickham,12%,27%,16%,37%,8%,0%,0%,0%,Reform UK,Labour,Reform UK GAIN from Labour,,
Gedling,19%,30%,15%,28%,8%,0%,0%,0%,Labour,Labour,Labour HOLD,,
Gillingham and Rainham,21%,16%,8%,46%,9%,0%,0%,1%,Reform UK,Labour,Reform UK GAIN from Labour,,
Glasgow East,9%,14%,17%,20%,8%,27%,0%,4%,SNP,Labour,SNP GAIN from Labour,,
Glasgow North,7%,14%,20%,16%,5%,26%,0%,13%,SNP,Labour,SNP GAIN from Labour,,
Glasgow North East,6%,34%,9%,9%,5%,33%,0%,5%,Labour,Labour,Labour HOLD,,
Glasgow South,7%,14%,20%,18%,4%,24%,0%,13%,SNP,Labour,SNP GAIN from Labour,,
Glasgow South West,7%,15%,20%,18%,11%,26%,0%,5%,SNP,Labour,SNP GAIN from Labour,,
Glasgow West,9%,17%,18%,23%,4%,27%,0%,3%,SNP,Labour,SNP GAIN from Labour,,
Glastonbury and Somerton,28%,10%,34%,23%,6%,0%,0%,0%,Liberal Democrat,Liberal Democrat,Liberal Democrat HOLD,,
Glenrothes and Mid Fife,6%,31%,4%,14%,3%,41%,0%,1%,SNP,Labour,SNP GAIN from Labour,,
Gloucester,24%,23%,16%,33%,5%,0%,0%,0%,Reform UK,Labour,Reform UK GAIN from Labour,,
Godalming and Ash,36%,10%,36%,15%,4%,0%,0%,0%,Liberal Democrat,Conservative,Liberal Democrat GAIN from Conservative,,
Goole and Pocklington,27%,18%,18%,32%,6%,0%,0%,0%,Reform UK,Conservative,Reform UK GAIN from Conservative,,
Gordon and Buchan,27%,6%,5%,22%,1%,33%,0%,7%,SNP,Conservative,SNP GAIN from Conservative,,
Gorton and Denton,10%,31%,6%,31%,14%,0%,0%,9%,Labour,Labour,Labour HOLD,,
Gosport,30%,17%,13%,34%,5%,0%,0%,0%,Reform UK,Conservative,Reform UK GAIN from Conservative,,
Gower,13%,21%,7%,33%,11%,0%,12%,4%,Reform UK,Labour,Reform UK GAIN from Labour,,
Grantham and Bourne,26%,17%,15%,35%,7%,0%,0%,1%,Reform UK,Conservative,Reform UK GAIN from Conservative,,
Gravesham,27%,19%,7%,35%,10%,0%,0%,2%,Reform UK,Labour,Reform UK GAIN from Labour,,
Great Grimsby and Cleethorpes,15%,14%,9%,61%,2%,0%,0%,0%,Reform UK,Labour,Reform UK GAIN from Labour,,
Great Yarmouth,19%,14%,8%,55%,4%,0%,0%,0%,Reform UK,Reform UK,Reform UK HOLD,,
Greenwich and Woolwich,15%,44%,12%,13%,15%,0%,0%,1%,Labour,Labour,Labour HOLD,,
Guildford,23%,16%,36%,20%,5%,0%,0%,1%,Liberal Democrat,Liberal Democrat,Liberal Democrat HOLD,,
Hackney North and Stoke Newington,13%,43%,9%,10%,24%,0%,0%,1%,Labour,Labour,Labour HOLD,,
Hackney South and Shoreditch,11%,43%,7%,10%,28%,0%,0%,1%,Labour,Labour,Labour HOLD,,
Halesowen,21%,23%,13%,38%,4%,0%,0%,0%,Reform UK,Labour,Reform UK GAIN from Labour,,
Halifax,17%,24%,9%,40%,9%,0%,0%,1%,Reform UK,Labour,Reform UK GAIN from Labour,,
Hamble Valley,30%,14%,29%,21%,6%,0%,0%,0%,Conservative,Conservative,Conservative HOLD,,
Hamilton and Clyde Valley,13%,25%,8%,15%,2%,37%,0%,1%,SNP,Labour,SNP GAIN from Labour,,
Hammersmith and Chiswick,22%,43%,10%,13%,12%,0%,0%,1%,Labour,Labour,Labour HOLD,,
Hampstead and Highgate,20%,38%,13%,10%,17%,0%,0%,1%,Labour,Labour,Labour HOLD,,
"Harborough, Oadby and Wigston",27%,19%,11%,32%,12%,0%,0%,1%,Reform UK,Conservative,Reform UK GAIN from Conservative,,
Harlow,27%,21%,9%,36%,7%,0%,0%,0%,Reform UK,Labour,Reform UK GAIN from Labour,,
Harpenden and Berkhamsted,30%,11%,43%,12%,4%,0%,0%,0%,Liberal Democrat,Liberal Democrat,Liberal Democrat HOLD,,
Harrogate and Knaresborough,26%,12%,41%,19%,4%,0%,0%,0%,Liberal Democrat,Liberal Democrat,Liberal Democrat HOLD,,
Harrow East,45%,18%,4%,24%,7%,0%,0%,2%,Conservative,Conservative,Conservative HOLD,,
Harrow West,25%,35%,8%,14%,9%,0%,0%,10%,Labour,Labour,Labour HOLD,,
Hartlepool,12%,16%,8%,60%,4%,0%,0%,0%,Reform UK,Labour,Reform UK GAIN from Labour,,
Harwich and North Essex,29%,19%,13%,33%,7%,0%,0%,0%,Reform UK,Conservative,Reform UK GAIN from Conservative,,
Hastings and Rye,24%,23%,8%,31%,15%,0%,0%,0%,Reform UK,Labour,Reform UK GAIN from Labour,,
Havant,26%,16%,10%,39%,9%,0%,0%,0%,Reform UK,Conservative,Reform UK GAIN from Conservative,,
Hayes and Harlington,21%,39%,7%,24%,8%,0%,0%,1%,Labour,Labour,Labour HOLD,,
Hazel Grove,20%,21%,32%,24%,3%,0%,0%,0%,Liberal Democrat,Liberal Democrat,Liberal Democrat HOLD,,
Hemel Hempstead,27%,23%,11%,27%,10%,0%,0%,2%,Conservative,Labour,Conservative GAIN from Labour,,
Hendon,34%,22%,7%,25%,12%,0%,0%,1%,Conservative,Labour,Conservative GAIN from Labour,,
Henley and Thame,30%,10%,39%,14%,6%,0%,0%,0%,Liberal Democrat,Liberal Democrat,Liberal Democrat HOLD,,
Hereford and South Herefordshire,29%,17%,14%,32%,8%,0%,0%,0%,Reform UK,Conservative,Reform UK GAIN from Conservative,,
Herne Bay and Sandwich,29%,15%,10%,37%,10%,0%,0%,0%,Reform UK,Conservative,Reform UK GAIN from Conservative,,
Hertford and Stortford,26%,25%,17%,21%,11%,0%,0%,0%,Conservative,Labour,Conservative GAIN from Labour,,
Hertsmere,34%,17%,7%,33%,8%,0%,0%,1%,Conservative,Conservative,Conservative HOLD,,
Hexham,31%,29%,14%,17%,8%,0%,0%,0%,Conservative,Labour,Conservative GAIN from Labour,,
Heywood and Middleton North,14%,16%,7%,48%,4%,0%,0%,11%,Reform UK,Labour,Reform UK GAIN from Labour,,
High Peak,23%,30%,13%,27%,8%,0%,0%,0%,Labour,Labour,Labour HOLD,,
Hinckley and Bosworth,28%,13%,24%,31%,3%,0%,0%,0%,Reform UK,Conservative,Reform UK GAIN from Conservative,,
Hitchin,27%,30%,18%,19%,7%,0%,0%,0%,Labour,Labour,Labour HOLD,,
Holborn and St Pancras,11%,36%,8%,13%,14%,0%,0%,19%,Labour,Labour,Labour HOLD,,
Honiton and Sidmouth,27%,10%,38%,22%,3%,0%,0%,1%,Liberal Democrat,Liberal Democrat,Liberal Democrat HOLD,,
Hornchurch and Upminster,22%,17%,8%,45%,7%,0%,0%,2%,Reform UK,Conservative,Reform UK GAIN from Conservative,,
Hornsey and Friern Barnet,13%,46%,14%,7%,18%,0%,0%,1%,Labour,Labour,Labour HOLD,,
Horsham,30%,12%,34%,18%,6%,0%,0%,0%,Liberal Democrat,Liberal Democrat,Liberal Democrat HOLD,,
Houghton and Sunderland South,11%,20%,11%,52%,6%,0%,0%,0%,Reform UK,Labour,Reform UK GAIN from Labour,,
Hove and Portslade,16%,39%,12%,13%,19%,0%,0%,1%,Labour,Labour,Labour HOLD,,
Huddersfield,15%,25%,11%,24%,25%,0%,0%,1%,Green,Labour,Green GAIN from Labour,,
Huntingdon,29%,21%,18%,26%,7%,0%,0%,0%,Conservative,Conservative,Conservative HOLD,,
Hyndburn,18%,15%,8%,47%,11%,0%,0%,0%,Reform UK,Labour,Reform UK GAIN from Labour,,
Ilford North,20%,26%,5%,14%,7%,0%,0%,27%,Other,Labour,Independent GAIN from Labour,,
Ilford South,15%,31%,5%,15%,12%,0%,0%,22%,Labour,Labour,Labour HOLD,,
Inverclyde and Renfrewshire West,11%,18%,7%,19%,1%,43%,0%,2%,SNP,Labour,SNP GAIN from Labour,,
"Inverness, Skye and West Ross-shire",10%,11%,24%,15%,1%,37%,0%,2%,SNP,Liberal Democrat,SNP GAIN from Liberal Democrat,,
Ipswich,22%,28%,11%,31%,9%,0%,0%,0%,Reform UK,Labour,Reform UK GAIN from Labour,,
Isle of Wight East,22%,12%,14%,35%,16%,0%,0%,0%,Reform UK,Conservative,Reform UK GAIN from Conservative,,
Isle of Wight West,25%,20%,12%,34%,10%,0%,0%,0%,Reform UK,Labour,Reform UK GAIN from Labour,,
Islington North,9%,30%,8%,8%,9%,0%,0%,36%,Other,Independent,Independent HOLD,,
Islington South and Finsbury,12%,41%,13%,13%,21%,0%,0%,1%,Labour,Labour,Labour HOLD,,
Jarrow and Gateshead East,9%,25%,11%,48%,7%,0%,0%,0%,Reform UK,Labour,Reform UK GAIN from Labour,,
Keighley and Ilkley,30%,24%,10%,30%,6%,0%,0%,0%,Conservative,Conservative,Conservative HOLD,,
Kenilworth and Southam,33%,18%,22%,19%,8%,0%,0%,0%,Conservative,Conservative,Conservative HOLD,,
Kensington and Bayswater,33%,32%,6%,16%,11%,0%,0%,1%,Conservative,Labour,Conservative GAIN from Labour,,
Kettering,24%,21%,11%,30%,14%,0%,0%,1%,Reform UK,Labour,Reform UK GAIN from Labour,,
Kilmarnock and Loudoun,11%,25%,4%,15%,1%,41%,0%,3%,SNP,Labour,SNP GAIN from Labour,,
Kingston and Surbiton,21%,19%,42%,13%,5%,0%,0%,1%,Liberal Democrat,Liberal Democrat,Liberal Democrat HOLD,,
Kingston upon Hull East,10%,14%,9%,63%,4%,0%,0%,0%,Reform UK,Labour,Reform UK GAIN from Labour,,
Kingston upon Hull North and Cottingham,14%,24%,10%,47%,6%,0%,0%,0%,Reform UK,Labour,Reform UK GAIN from Labour,,
Kingston upon Hull West and Haltemprice,16%,20%,9%,50%,4%,0%,0%,0%,Reform UK,Labour,Reform UK GAIN from Labour,,
Kingswinford and South Staffordshire,28%,18%,15%,33%,5%,0%,0%,0%,Reform UK,Conservative,Reform UK GAIN from Conservative,,
Knowsley,7%,41%,9%,34%,10%,0%,0%,0%,Labour,Labour,Labour HOLD,,
Lancaster and Wyre,19%,26%,13%,30%,13%,0%,0%,0%,Reform UK,Labour,Reform UK GAIN from Labour,,
Leeds Central and Headingley,9%,26%,10%,31%,23%,0%,0%,2%,Reform UK,Labour,Reform UK GAIN from Labour,,
Leeds East,17%,28%,7%,39%,9%,0%,0%,1%,Reform UK,Labour,Reform UK GAIN from Labour,,
Leeds North East,16%,42%,11%,15%,15%,0%,0%,1%,Labour,Labour,Labour HOLD,,
Leeds North West,20%,34%,21%,18%,7%,0%,0%,0%,Labour,Labour,Labour HOLD,,
Leeds South,12%,25%,7%,33%,14%,0%,0%,9%,Reform UK,Labour,Reform UK GAIN from Labour,,
Leeds South West and Morley,18%,25%,14%,38%,5%,0%,0%,0%,Reform UK,Labour,Reform UK GAIN from Labour,,
Leeds West and Pudsey,17%,30%,9%,35%,9%,0%,0%,1%,Reform UK,Labour,Reform UK GAIN from Labour,,
Leicester East,21%,21%,16%,16%,8%,0%,0%,18%,Conservative,Conservative,Conservative HOLD,,
Leicester South,11%,26%,8%,16%,11%,0%,0%,28%,Other,Independent,Independent HOLD,,
Leicester West,17%,24%,10%,37%,12%,0%,0%,0%,Reform UK,Labour,Reform UK GAIN from Labour,,
Leigh and Atherton,14%,25%,10%,47%,4%,0%,0%,1%,Reform UK,Labour,Reform UK GAIN from Labour,,
Lewes,25%,11%,43%,17%,4%,0%,0%,0%,Liberal Democrat,Liberal Democrat,Liberal Democrat HOLD,,
Lewisham East,15%,43%,8%,17%,16%,0%,0%,1%,Labour,Labour,Labour HOLD,,
Lewisham North,10%,46%,12%,9%,23%,0%,0%,1%,Labour,Labour,Labour HOLD,,
Lewisham West and East Dulwich,12%,46%,10%,8%,22%,0%,0%,1%,Labour,Labour,Labour HOLD,,
Leyton and Wanstead,14%,37%,7%,11%,18%,0%,0%,12%,Labour,Labour,Labour HOLD,,
Lichfield,27%,21%,16%,31%,5%,0%,0%,0%,Reform UK,Labour,Reform UK GAIN from Labour,,
Lincoln,18%,27%,12%,36%,7%,0%,0%,0%,Reform UK,Labour,Reform UK GAIN from Labour,,
Liverpool Garston,11%,46%,12%,21%,10%,0%,0%,1%,Labour,Labour,Labour HOLD,,
Liverpool Riverside,7%,38%,8%,31%,15%,0%,0%,1%,Labour,Labour,Labour HOLD,,
Liverpool Walton,7%,46%,8%,32%,8%,0%,0%,0%,Labour,Labour,Labour HOLD,,
Liverpool Wavertree,9%,43%,11%,19%,17%,0%,0%,1%,Labour,Labour,Labour HOLD,,
Liverpool West Derby,7%,45%,9%,29%,9%,0%,0%,1%,Labour,Labour,Labour HOLD,,
Livingston,11%,20%,5%,21%,1%,39%,0%,2%,SNP,Labour,SNP GAIN from Labour,,
Llanelli,6%,15%,3%,44%,1%,0%,27%,5%,Reform UK,Labour,Reform UK GAIN from Labour,,
Lothian East,15%,38%,6%,13%,1%,25%,0%,2%,Labour,Labour,Labour HOLD,,
Loughborough,23%,28%,13%,28%,8%,0%,0%,0%,Labour,Labour,Labour HOLD,,
Louth and Horncastle,27%,14%,12%,43%,4%,0%,0%,1%,Reform UK,Conservative,Reform UK GAIN from Conservative,,
Lowestoft,21%,19%,10%,42%,7%,0%,0%,0%,Reform UK,Labour,Reform UK GAIN from Labour,,
Luton North,18%,24%,5%,26%,8%,0%,0%,18%,Reform UK,Labour,Reform UK GAIN from Labour,,
Luton South and South Bedfordshire,18%,22%,7%,27%,9%,0%,0%,19%,Reform UK,Labour,Reform UK GAIN from Labour,,
Macclesfield,25%,31%,15%,22%,7%,0%,0%,0%,Labour,Labour,Labour HOLD,,
Maidenhead,29%,14%,31%,19%,7%,0%,0%,1%,Liberal Democrat,Liberal Democrat,Liberal Democrat HOLD,,
Maidstone and Malling,27%,18%,17%,28%,10%,0%,0%,0%,Reform UK,Conservative,Reform UK GAIN from Conservative,,
Makerfield,10%,23%,14%,48%,5%,0%,0%,1%,Reform UK,Labour,Reform UK GAIN from Labour,,
Maldon,31%,14%,18%,32%,5%,0%,0%,0%,Reform UK,Conservative,Reform UK GAIN from Conservative,,
Manchester Central,11%,33%,9%,32%,15%,0%,0%,1%,Labour,Labour,Labour HOLD,,
Manchester Rusholme,8%,32%,7%,20%,21%,0%,0%,13%,Labour,Labour,Labour HOLD,,
Manchester Withington,9%,46%,13%,11%,20%,0%,0%,1%,Labour,Labour,Labour HOLD,,
Mansfield,20%,19%,10%,48%,3%,0%,0%,1%,Reform UK,Labour,Reform UK GAIN from Labour,,
Melksham and Devizes,29%,12%,35%,20%,5%,0%,0%,0%,Liberal Democrat,Liberal Democrat,Liberal Democrat HOLD,,
Melton and Syston,28%,17%,15%,31%,9%,0%,0%,1%,Reform UK,Conservative,Reform UK GAIN from Conservative,,
Meriden and Solihull East,29%,20%,12%,31%,7%,0%,0%,0%,Reform UK,Conservative,Reform UK GAIN from Conservative,,
Merthyr Tydfil and Aberdare,7%,21%,11%,39%,2%,0%,16%,5%,Reform UK,Labour,Reform UK GAIN from Labour,,
Mid and South Pembrokeshire,15%,17%,8%,36%,9%,0%,13%,2%,Reform UK,Labour,Reform UK GAIN from Labour,,
Mid Bedfordshire,29%,21%,19%,25%,6%,0%,0%,0%,Conservative,Conservative,Conservative HOLD,,
Mid Buckinghamshire,32%,15%,28%,17%,7%,0%,0%,0%,Conservative,Conservative,Conservative HOLD,,
Mid Cheshire,18%,27%,16%,32%,6%,0%,0%,0%,Reform UK,Labour,Reform UK GAIN from Labour,,
Mid Derbyshire,25%,24%,17%,25%,9%,0%,0%,0%,Reform UK,Labour,Reform UK GAIN from Labour,,
Mid Dorset and North Poole,32%,12%,36%,15%,5%,0%,0%,0%,Liberal Democrat,Liberal Democrat,Liberal Democrat HOLD,,
Mid Dunbartonshire,10%,17%,35%,9%,1%,28%,0%,1%,Liberal Democrat,Liberal Democrat,Liberal Democrat HOLD,,
Mid Leicestershire,28%,20%,15%,28%,9%,0%,0%,0%,Reform UK,Conservative,Reform UK GAIN from Conservative,,
Mid Norfolk,28%,16%,13%,37%,7%,0%,0%,0%,Reform UK,Conservative,Reform UK GAIN from Conservative,,
Mid Sussex,26%,16%,36%,16%,6%,0%,0%,0%,Liberal Democrat,Liberal Democrat,Liberal Democrat HOLD,,
Middlesbrough and Thornaby East,12%,26%,8%,49%,5%,0%,0%,1%,Reform UK,Labour,Reform UK GAIN from Labour,,
Middlesbrough South and East Cleveland,24%,24%,15%,33%,5%,0%,0%,0%,Reform UK,Labour,Reform UK GAIN from Labour,,
Midlothian,11%,27%,6%,14%,1%,40%,0%,1%,SNP,Labour,SNP GAIN from Labour,,
Milton Keynes Central,24%,23%,7%,33%,13%,0%,0%,0%,Reform UK,Labour,Reform UK GAIN from Labour,,
Milton Keynes North,27%,24%,10%,25%,14%,0%,0%,1%,Conservative,Labour,Conservative GAIN from Labour,,
Mitcham and Morden,17%,41%,10%,17%,14%,0%,0%,1%,Labour,Labour,Labour HOLD,,
Monmouthshire,22%,25%,9%,24%,12%,0%,7%,1%,Labour,Labour,Labour HOLD,,
Montgomeryshire and Glyndwr,20%,15%,11%,30%,11%,0%,12%,2%,Reform UK,Labour,Reform UK GAIN from Labour,,
"Moray West, Nairn and Strathspey",13%,12%,1%,27%,1%,41%,0%,5%,SNP,SNP,SNP HOLD,,
Morecambe and Lunesdale,25%,24%,15%,30%,5%,0%,0%,0%,Reform UK,Labour,Reform UK GAIN from Labour,,
"Motherwell, Wishaw and Carluke",10%,23%,6%,18%,2%,39%,0%,2%,SNP,Labour,SNP GAIN from Labour,,
Na h-Eileanan an Iar,10%,10%,8%,24%,1%,29%,0%,18%,SNP,Labour,SNP GAIN from Labour,,
Neath and Swansea East,8%,23%,8%,26%,3%,0%,22%,11%,Reform UK,Labour,Reform UK GAIN from Labour,,
New Forest East,31%,14%,18%,28%,9%,0%,0%,0%,Conservative,Conservative,Conservative HOLD,,
New Forest West,31%,16%,19%,25%,10%,0%,0%,0%,Conservative,Conservative,Conservative HOLD,,
Newark,30%,22%,15%,27%,6%,0%,0%,0%,Conservative,Conservative,Conservative HOLD,,
Newbury,29%,11%,35%,18%,7%,0%,0%,0%,Liberal Democrat,Liberal Democrat,Liberal Democrat HOLD,,
Newcastle upon Tyne Central and West,11%,27%,8%,36%,8%,0%,0%,11%,Reform UK,Labour,Reform UK GAIN from Labour,,
Newcastle upon Tyne East and Wallsend,9%,28%,13%,37%,13%,0%,0%,0%,Reform UK,Labour,Reform UK GAIN from Labour,,
Newcastle upon Tyne North,14%,36%,18%,21%,11%,0%,0%,0%,Labour,Labour,Labour HOLD,,
Newcastle-under-Lyme,20%,20%,13%,42%,5%,0%,0%,0%,Reform UK,Labour,Reform UK GAIN from Labour,,
Newport East,15%,22%,9%,23%,4%,0%,15%,11%,Reform UK,Labour,Reform UK GAIN from Labour,,
Newport West and Islwyn,12%,22%,11%,35%,4%,0%,10%,6%,Reform UK,Labour,Reform UK GAIN from Labour,,
Newton Abbot,24%,14%,30%,27%,4%,0%,0%,1%,Liberal Democrat,Liberal Democrat,Liberal Democrat HOLD,,
Newton Aycliffe and Spennymoor,15%,23%,14%,44%,5%,0%,0%,0%,Reform UK,Labour,Reform UK GAIN from Labour,,
Normanton and Hemsworth,11%,20%,10%,53%,7%,0%,0%,0%,Reform UK,Labour,Reform UK GAIN from Labour,,
North Ayrshire and Arran,12%,22%,5%,16%,1%,41%,0%,2%,SNP,Labour,SNP GAIN from Labour,,
North Bedfordshire,31%,20%,19%,25%,5%,0%,0%,0%,Conservative,Conservative,Conservative HOLD,,
North Cornwall,28%,8%,36%,26%,1%,0%,0%,0%,Liberal Democrat,Liberal Democrat,Liberal Democrat HOLD,,
North Cotswolds,31%,14%,26%,20%,9%,0%,0%,0%,Conservative,Conservative,Conservative HOLD,,
North Devon,27%,9%,34%,26%,4%,0%,0%,1%,Liberal Democrat,Liberal Democrat,Liberal Democrat HOLD,,
North Dorset,32%,10%,27%,25%,5%,0%,0%,0%,Conservative,Conservative,Conservative HOLD,,
North Durham,12%,23%,19%,40%,6%,0%,0%,0%,Reform UK,Labour,Reform UK GAIN from Labour,,
North East Cambridgeshire,26%,11%,11%,47%,5%,0%,0%,0%,Reform UK,Conservative,Reform UK GAIN from Conservative,,
North East Derbyshire,24%,23%,13%,33%,6%,0%,0%,0%,Reform UK,Labour,Reform UK GAIN from Labour,,
North East Fife,8%,9%,36%,15%,1%,29%,0%,2%,Liberal Democrat,Liberal Democrat,Liberal Democrat HOLD,,
North East Hampshire,30%,14%,39%,15%,3%,0%,0%,0%,Liberal Democrat,Liberal Democrat,Liberal Democrat HOLD,,
North East Hertfordshire,29%,23%,15%,23%,10%,0%,0%,0%,Conservative,Labour,Conservative GAIN from Labour,,
North East Somerset and Hanham,28%,25%,17%,22%,8%,0%,0%,0%,Conservative,Labour,Conservative GAIN from Labour,,
North Herefordshire,26%,7%,8%,21%,38%,0%,0%,0%,Green,Green,Green HOLD,,
North Norfolk,30%,8%,33%,28%,2%,0%,0%,0%,Liberal Democrat,Liberal Democrat,Liberal Democrat HOLD,,
North Northumberland,23%,25%,22%,25%,5%,0%,0%,0%,Labour,Labour,Labour HOLD,,
North Shropshire,21%,8%,40%,27%,3%,0%,0%,0%,Liberal Democrat,Liberal Democrat,Liberal Democrat HOLD,,
North Somerset,27%,26%,23%,17%,8%,0%,0%,0%,Conservative,Labour,Conservative GAIN from Labour,,
North Warwickshire and Bedworth,23%,18%,12%,41%,5%,0%,0%,0%,Reform UK,Labour,Reform UK GAIN from Labour,,
North West Cambridgeshire,25%,18%,13%,36%,8%,0%,0%,0%,Reform UK,Labour,Reform UK GAIN from Labour,,
North West Essex,33%,20%,18%,23%,7%,0%,0%,0%,Conservative,Conservative,Conservative HOLD,,
North West Hampshire,29%,20%,21%,24%,6%,0%,0%,0%,Conservative,Conservative,Conservative HOLD,,
North West Leicestershire,25%,21%,14%,33%,7%,0%,0%,0%,Reform UK,Labour,Reform UK GAIN from Labour,,
North West Norfolk,26%,15%,17%,37%,5%,0%,0%,0%,Reform UK,Conservative,Reform UK GAIN from Conservative,,
Northampton North,20%,18%,6%,44%,12%,0%,0%,1%,Reform UK,Labour,Reform UK GAIN from Labour,,
Northampton South,23%,18%,9%,40%,9%,0%,0%,1%,Reform UK,Labour,Reform UK GAIN from Labour,,
Norwich North,19%,26%,13%,30%,12%,0%,0%,0%,Reform UK,Labour,Reform UK GAIN from Labour,,
Norwich South,14%,30%,12%,23%,21%,0%,0%,0%,Labour,Labour,Labour HOLD,,
Nottingham East,13%,37%,11%,27%,12%,0%,0%,1%,Labour,Labour,Labour HOLD,,
Nottingham North and Kimberley,18%,27%,11%,34%,9%,0%,0%,1%,Reform UK,Labour,Reform UK GAIN from Labour,,
Nottingham South,15%,31%,10%,36%,7%,0%,0%,1%,Reform UK,Labour,Reform UK GAIN from Labour,,
Nuneaton,21%,22%,13%,36%,7%,0%,0%,0%,Reform UK,Labour,Reform UK GAIN from Labour,,
Old Bexley and Sidcup,26%,18%,9%,39%,8%,0%,0%,1%,Reform UK,Conservative,Reform UK GAIN from Conservative,,
Oldham East and Saddleworth,16%,21%,9%,37%,4%,0%,0%,14%,Reform UK,Labour,Reform UK GAIN from Labour,,
"Oldham West, Chadderton and Royton",11%,19%,5%,36%,5%,0%,0%,23%,Reform UK,Labour,Reform UK GAIN from Labour,,
Orkney and Shetland,5%,6%,38%,17%,2%,19%,0%,13%,Liberal Democrat,Liberal Democrat,Liberal Democrat HOLD,,
Orpington,28%,19%,8%,37%,7%,0%,0%,1%,Reform UK,Conservative,Reform UK GAIN from Conservative,,
Ossett and Denby Dale,22%,24%,15%,35%,5%,0%,0%,0%,Reform UK,Labour,Reform UK GAIN from Labour,,
Oxford East,12%,35%,11%,11%,16%,0%,0%,15%,Labour,Labour,Labour HOLD,,
Oxford West and Abingdon,17%,19%,44%,12%,7%,0%,0%,0%,Liberal Democrat,Liberal Democrat,Liberal Democrat HOLD,,
Paisley and Renfrewshire North,11%,22%,6%,19%,2%,38%,0%,3%,SNP,Labour,SNP GAIN from Labour,,
Paisley and Renfrewshire South,9%,27%,10%,13%,1%,40%,0%,1%,SNP,Labour,SNP GAIN from Labour,,
Peckham,11%,46%,9%,12%,21%,0%,0%,1%,Labour,Labour,Labour HOLD,,
Pendle and Clitheroe,26%,20%,10%,39%,4%,0%,0%,1%,Reform UK,Labour,Reform UK GAIN from Labour,,
Penistone and Stocksbridge,20%,21%,13%,41%,5%,0%,0%,0%,Reform UK,Labour,Reform UK GAIN from Labour,,
Penrith and Solway,26%,20%,16%,33%,6%,0%,0%,0%,Reform UK,Labour,Reform UK GAIN from Labour,,
Perth and Kinross-shire,21%,20%,4%,14%,1%,40%,0%,1%,SNP,SNP,SNP HOLD,,
Peterborough,23%,20%,6%,32%,8%,0%,0%,12%,Reform UK,Labour,Reform UK GAIN from Labour,,
Plymouth Moor View,20%,22%,9%,44%,5%,0%,0%,0%,Reform UK,Labour,Reform UK GAIN from Labour,,
Plymouth Sutton and Devonport,16%,29%,10%,39%,6%,0%,0%,1%,Reform UK,Labour,Reform UK GAIN from Labour,,
"Pontefract, Castleford and Knottingley",11%,20%,10%,54%,5%,0%,0%,0%,Reform UK,Labour,Reform UK GAIN from Labour,,
Pontypridd,9%,20%,9%,32%,5%,0%,19%,5%,Reform UK,Labour,Reform UK GAIN from Labour,,
Poole,27%,22%,17%,29%,6%,0%,0%,1%,Reform UK,Labour,Reform UK GAIN from Labour,,
Poplar and Limehouse,12%,38%,12%,13%,13%,0%,0%,13%,Labour,Labour,Labour HOLD,,
Portsmouth North,27%,20%,12%,37%,5%,0%,0%,0%,Reform UK,Labour,Reform UK GAIN from Labour,,
Portsmouth South,18%,24%,9%,33%,16%,0%,0%,0%,Reform UK,Labour,Reform UK GAIN from Labour,,
Preston,12%,21%,9%,33%,5%,0%,0%,21%,Reform UK,Labour,Reform UK GAIN from Labour,,
Putney,22%,34%,13%,16%,14%,0%,0%,1%,Labour,Labour,Labour HOLD,,
Queen's Park and Maida Vale,16%,42%,10%,14%,17%,0%,0%,1%,Labour,Labour,Labour HOLD,,
Rawmarsh and Conisbrough,11%,18%,9%,57%,5%,0%,0%,0%,Reform UK,Labour,Reform UK GAIN from Labour,,
Rayleigh and Wickford,27%,15%,17%,35%,6%,0%,0%,0%,Reform UK,Conservative,Reform UK GAIN from Conservative,,
Reading Central,18%,38%,14%,14%,17%,0%,0%,0%,Labour,Labour,Labour HOLD,,
Reading West and Mid Berkshire,28%,26%,18%,19%,9%,0%,0%,0%,Conservative,Labour,Conservative GAIN from Labour,,
Redcar,18%,21%,11%,45%,4%,0%,0%,0%,Reform UK,Labour,Reform UK GAIN from Labour,,
Redditch,26%,20%,12%,36%,6%,0%,0%,0%,Reform UK,Labour,Reform UK GAIN from Labour,,
Reigate,30%,23%,14%,20%,12%,0%,0%,2%,Conservative,Conservative,Conservative HOLD,,
Rhondda and Ogmore,6%,20%,16%,40%,2%,0%,13%,3%,Reform UK,Labour,Reform UK GAIN from Labour,,
Ribble Valley,28%,21%,17%,29%,5%,0%,0%,0%,Reform UK,Labour,Reform UK GAIN from Labour,,
Richmond and Northallerton,35%,18%,16%,25%,6%,0%,0%,1%,Conservative,Conservative,Conservative HOLD,,
Richmond Park,23%,13%,37%,13%,13%,0%,0%,1%,Liberal Democrat,Liberal Democrat,Liberal Democrat HOLD,,
Rochdale,12%,20%,6%,35%,4%,0%,0%,23%,Reform UK,Labour,Reform UK GAIN from Labour,,
Rochester and Strood,25%,16%,9%,42%,8%,0%,0%,1%,Reform UK,Labour,Reform UK GAIN from Labour,,
Romford,25%,16%,8%,42%,7%,0%,0%,2%,Reform UK,Conservative,Reform UK GAIN from Conservative,,
Romsey and Southampton North,34%,12%,31%,19%,5%,0%,0%,0%,Conservative,Conservative,Conservative HOLD,,
Rossendale and Darwen,22%,23%,11%,40%,5%,0%,0%,0%,Reform UK,Labour,Reform UK GAIN from Labour,,
Rother Valley,22%,16%,11%,47%,5%,0%,0%,0%,Reform UK,Labour,Reform UK GAIN from Labour,,
Rotherham,9%,16%,11%,58%,7%,0%,0%,1%,Reform UK,Labour,Reform UK GAIN from Labour,,
Rugby,25%,26%,15%,28%,7%,0%,0%,0%,Reform UK,Labour,Reform UK GAIN from Labour,,
"Ruislip, Northwood and Pinner",37%,23%,9%,20%,10%,0%,0%,2%,Conservative,Conservative,Conservative HOLD,,
Runcorn and Helsby,15%,31%,12%,33%,9%,0%,0%,0%,Reform UK,Labour,Reform UK GAIN from Labour,,
Runnymede and Weybridge,28%,19%,16%,29%,6%,0%,0%,1%,Reform UK,Conservative,Reform UK GAIN from Conservative,,
Rushcliffe,25%,32%,18%,17%,9%,0%,0%,0%,Labour,Labour,Labour HOLD,,
Rutherglen,11%,27%,9%,13%,2%,37%,0%,1%,SNP,Labour,SNP GAIN from Labour,,
Rutland and Stamford,36%,17%,16%,22%,7%,0%,0%,1%,Conservative,Conservative,Conservative HOLD,,
Salford,11%,30%,9%,37%,13%,0%,0%,1%,Reform UK,Labour,Reform UK GAIN from Labour,,
Salisbury,30%,20%,24%,19%,6%,0%,0%,0%,Conservative,Conservative,Conservative HOLD,,
Scarborough and Whitby,23%,20%,11%,42%,3%,0%,0%,0%,Reform UK,Labour,Reform UK GAIN from Labour,,
Scunthorpe,18%,19%,12%,46%,5%,0%,0%,0%,Reform UK,Labour,Reform UK GAIN from Labour,,
Sefton Central,15%,39%,16%,20%,10%,0%,0%,0%,Labour,Labour,Labour HOLD,,
Selby,20%,24%,17%,32%,7%,0%,0%,0%,Reform UK,Labour,Reform UK GAIN from Labour,,
Sevenoaks,33%,12%,23%,26%,6%,0%,0%,0%,Conservative,Conservative,Conservative HOLD,,
Sheffield Brightside and Hillsborough,11%,21%,7%,34%,14%,0%,0%,13%,Reform UK,Labour,Reform UK GAIN from Labour,,
Sheffield Central,9%,34%,11%,14%,31%,0%,0%,1%,Labour,Labour,Labour HOLD,,
Sheffield Hallam,14%,34%,35%,7%,9%,0%,0%,0%,Liberal Democrat,Labour,Liberal Democrat GAIN from Labour,,
Sheffield Heeley,14%,30%,11%,27%,17%,0%,0%,1%,Labour,Labour,Labour HOLD,,
Sheffield South East,14%,22%,10%,34%,10%,0%,0%,10%,Reform UK,Labour,Reform UK GAIN from Labour,,
Sherwood Forest,21%,25%,15%,34%,5%,0%,0%,0%,Reform UK,Labour,Reform UK GAIN from Labour,,
Shipley,23%,31%,13%,26%,7%,0%,0%,0%,Labour,Labour,Labour HOLD,,
Shrewsbury,22%,26%,18%,26%,8%,0%,0%,0%,Reform UK,Labour,Reform UK GAIN from Labour,,
Sittingbourne and Sheppey,24%,15%,9%,47%,4%,0%,0%,1%,Reform UK,Labour,Reform UK GAIN from Labour,,
Skipton and Ripon,31%,18%,16%,27%,8%,0%,0%,0%,Conservative,Conservative,Conservative HOLD,,
Sleaford and North Hykeham,25%,21%,18%,30%,5%,0%,0%,1%,Reform UK,Conservative,Reform UK GAIN from Conservative,,
Slough,17%,23%,6%,21%,9%,0%,0%,26%,Other,Labour,Independent GAIN from Labour,,
Smethwick,12%,27%,8%,34%,8%,0%,0%,11%,Reform UK,Labour,Reform UK GAIN from Labour,,
Solihull West and Shirley,24%,21%,17%,30%,8%,0%,0%,1%,Reform UK,Conservative,Reform UK GAIN from Conservative,,
South Basildon and East Thurrock,22%,15%,8%,49%,5%,0%,0%,1%,Reform UK,Reform UK,Reform UK HOLD,,
South Cambridgeshire,23%,14%,44%,13%,6%,0%,0%,0%,Liberal Democrat,Liberal Democrat,Liberal Democrat HOLD,,
South Cotswolds,32%,10%,37%,16%,5%,0%,0%,0%,Liberal Democrat,Liberal Democrat,Liberal Democrat HOLD,,
South Derbyshire,23%,21%,15%,34%,6%,0%,0%,0%,Reform UK,Labour,Reform UK GAIN from Labour,,
South Devon,30%,9%,36%,22%,3%,0%,0%,0%,Liberal Democrat,Liberal Democrat,Liberal Democrat HOLD,,
South Dorset,26%,23%,18%,29%,4%,0%,0%,0%,Reform UK,Labour,Reform UK GAIN from Labour,,
South East Cornwall,29%,18%,17%,31%,4%,0%,0%,0%,Reform UK,Labour,Reform UK GAIN from Labour,,
South Holland and The Deepings,24%,11%,13%,38%,5%,0%,0%,10%,Reform UK,Conservative,Reform UK GAIN from Conservative,,
South Leicestershire,29%,16%,20%,29%,6%,0%,0%,0%,Reform UK,Conservative,Reform UK GAIN from Conservative,,
South Norfolk,26%,21%,20%,24%,10%,0%,0%,0%,Conservative,Labour,Conservative GAIN from Labour,,
South Northamptonshire,31%,19%,18%,23%,8%,0%,0%,1%,Conservative,Conservative,Conservative HOLD,,
South Ribble,21%,26%,17%,31%,5%,0%,0%,0%,Reform UK,Labour,Reform UK GAIN from Labour,,
South Shields,10%,22%,12%,42%,15%,0%,0%,1%,Reform UK,Labour,Reform UK GAIN from Labour,,
South Shropshire,33%,10%,24%,29%,4%,0%,0%,0%,Conservative,Conservative,Conservative HOLD,,
South Suffolk,27%,16%,19%,28%,10%,0%,0%,0%,Reform UK,Conservative,Reform UK GAIN from Conservative,,
South West Devon,25%,22%,20%,26%,7%,0%,0%,1%,Reform UK,Conservative,Reform UK GAIN from Conservative,,
South West Hertfordshire,30%,17%,18%,27%,7%,0%,0%,1%,Conservative,Conservative,Conservative HOLD,,
South West Norfolk,21%,12%,11%,38%,5%,0%,0%,14%,Reform UK,Labour,Reform UK GAIN from Labour,,
South West Wiltshire,27%,18%,19%,29%,6%,0%,0%,1%,Reform UK,Conservative,Reform UK GAIN from Conservative,,
Southampton Itchen,20%,18%,8%,43%,12%,0%,0%,0%,Reform UK,Labour,Reform UK GAIN from Labour,,
Southampton Test,18%,28%,10%,32%,12%,0%,0%,0%,Reform UK,Labour,Reform UK GAIN from Labour,,
Southend East and Rochford,25%,21%,10%,38%,7%,0%,0%,0%,Reform UK,Labour,Reform UK GAIN from Labour,,
Southend West and Leigh,27%,22%,14%,29%,8%,0%,0%,0%,Reform UK,Labour,Reform UK GAIN from Labour,,
Southgate and Wood Green,21%,38%,10%,14%,17%,0%,0%,1%,Labour,Labour,Labour HOLD,,
Southport,22%,22%,17%,32%,7%,0%,0%,0%,Reform UK,Labour,Reform UK GAIN from Labour,,
Spelthorne,24%,18%,14%,36%,7%,0%,0%,1%,Reform UK,Conservative,Reform UK GAIN from Conservative,,
Spen Valley,20%,22%,11%,43%,5%,0%,0%,0%,Reform UK,Labour,Reform UK GAIN from Labour,,
St Albans,19%,17%,40%,16%,9%,0%,0%,1%,Liberal Democrat,Liberal Democrat,Liberal Democrat HOLD,,
St Austell and Newquay,27%,19%,13%,36%,5%,0%,0%,1%,Reform UK,Labour,Reform UK GAIN from Labour,,
St Helens North,11%,30%,11%,39%,9%,0%,0%,0%,Reform UK,Labour,Reform UK GAIN from Labour,,
St Helens South and Whiston,9%,29%,11%,34%,8%,0%,0%,10%,Reform UK,Labour,Reform UK GAIN from Labour,,
St Ives,25%,10%,42%,21%,2%,0%,0%,0%,Liberal Democrat,Liberal Democrat,Liberal Democrat HOLD,,
St Neots and Mid Cambridgeshire,25%,15%,36%,18%,6%,0%,0%,0%,Liberal Democrat,Liberal Democrat,Liberal Democrat HOLD,,
Stafford,24%,25%,16%,28%,7%,0%,0%,0%,Reform UK,Labour,Reform UK GAIN from Labour,,
Staffordshire Moorlands,25%,18%,14%,37%,6%,0%,0%,0%,Reform UK,Conservative,Reform UK GAIN from Conservative,,
Stalybridge and Hyde,16%,24%,8%,44%,7%,0%,0%,1%,Reform UK,Labour,Reform UK GAIN from Labour,,
Stevenage,24%,26%,12%,30%,8%,0%,0%,0%,Reform UK,Labour,Reform UK GAIN from Labour,,
Stirling and Strathallan,18%,29%,6%,10%,0%,35%,0%,1%,SNP,Labour,SNP GAIN from Labour,,
Stockport,13%,34%,13%,28%,12%,0%,0%,1%,Labour,Labour,Labour HOLD,,
Stockton North,14%,22%,11%,49%,5%,0%,0%,0%,Reform UK,Labour,Reform UK GAIN from Labour,,
Stockton West,27%,26%,18%,26%,4%,0%,0%,0%,Conservative,Conservative,Conservative HOLD,,
Stoke-on-Trent Central,15%,19%,7%,55%,4%,0%,0%,1%,Reform UK,Labour,Reform UK GAIN from Labour,,
Stoke-on-Trent North,18%,16%,8%,55%,3%,0%,0%,0%,Reform UK,Labour,Reform UK GAIN from Labour,,
Stoke-on-Trent South,25%,19%,11%,42%,3%,0%,0%,0%,Reform UK,Labour,Reform UK GAIN from Labour,,
"Stone, Great Wyrley and Penkridge",31%,22%,18%,23%,6%,0%,0%,1%,Conservative,Conservative,Conservative HOLD,,
Stourbridge,24%,24%,10%,38%,4%,0%,0%,0%,Reform UK,Labour,Reform UK GAIN from Labour,,
Stratford and Bow,11%,35%,6%,12%,18%,0%,0%,19%,Labour,Labour,Labour HOLD,,
Stratford-on-Avon,30%,9%,37%,21%,4%,0%,0%,0%,Liberal Democrat,Liberal Democrat,Liberal Democrat HOLD,,
Streatham and Croydon North,15%,41%,13%,12%,18%,0%,0%,1%,Labour,Labour,Labour HOLD,,
Stretford and Urmston,13%,37%,10%,20%,11%,0%,0%,10%,Labour,Labour,Labour HOLD,,
Stroud,23%,29%,15%,19%,15%,0%,0%,0%,Labour,Labour,Labour HOLD,,
Suffolk Coastal,26%,20%,18%,26%,10%,0%,0%,0%,Reform UK,Labour,Reform UK GAIN from Labour,,
Sunderland Central,13%,20%,12%,47%,8%,0%,0%,0%,Reform UK,Labour,Reform UK GAIN from Labour,,
Surrey Heath,23%,14%,32%,26%,4%,0%,0%,1%,Liberal Democrat,Liberal Democrat,Liberal Democrat HOLD,,
Sussex Weald,33%,11%,19%,26%,11%,0%,0%,0%,Conservative,Conservative,Conservative HOLD,,
Sutton and Cheam,25%,18%,26%,24%,6%,0%,0%,1%,Liberal Democrat,Liberal Democrat,Liberal Democrat HOLD,,
Sutton Coldfield,27%,23%,8%,35%,6%,0%,0%,1%,Reform UK,Conservative,Reform UK GAIN from Conservative,,
Swansea West,10%,20%,12%,29%,4%,0%,21%,4%,Reform UK,Labour,Reform UK GAIN from Labour,,
Swindon North,23%,24%,14%,31%,7%,0%,0%,0%,Reform UK,Labour,Reform UK GAIN from Labour,,
Swindon South,20%,24%,11%,34%,11%,0%,0%,0%,Reform UK,Labour,Reform UK GAIN from Labour,,
Tamworth,24%,19%,13%,40%,5%,0%,0%,0%,Reform UK,Labour,Reform UK GAIN from Labour,,
Tatton,33%,26%,15%,19%,6%,0%,0%,0%,Conservative,Conservative,Conservative HOLD,,
Taunton and Wellington,22%,12%,39%,24%,3%,0%,0%,0%,Liberal Democrat,Liberal Democrat,Liberal Democrat HOLD,,
Telford,18%,23%,10%,44%,6%,0%,0%,0%,Reform UK,Labour,Reform UK GAIN from Labour,,
Tewkesbury,25%,13%,36%,20%,6%,0%,0%,0%,Liberal Democrat,Liberal Democrat,Liberal Democrat HOLD,,
The Wrekin,26%,21%,16%,32%,6%,0%,0%,0%,Reform UK,Conservative,Reform UK GAIN from Conservative,,
Thirsk and Malton,31%,14%,17%,31%,7%,0%,0%,0%,Reform UK,Conservative,Reform UK GAIN from Conservative,,
Thornbury and Yate,29%,13%,34%,20%,4%,0%,0%,0%,Liberal Democrat,Liberal Democrat,Liberal Democrat HOLD,,
Thurrock,19%,13%,4%,54%,9%,0%,0%,1%,Reform UK,Labour,Reform UK GAIN from Labour,,
Tipton and Wednesbury,16%,17%,6%,55%,5%,0%,0%,1%,Reform UK,Labour,Reform UK GAIN from Labour,,
Tiverton and Minehead,29%,9%,30%,27%,5%,0%,0%,0%,Liberal Democrat,Liberal Democrat,Liberal Democrat HOLD,,
Tonbridge,33%,13%,13%,22%,19%,0%,0%,0%,Conservative,Conservative,Conservative HOLD,,
Tooting,19%,47%,15%,8%,10%,0%,0%,1%,Labour,Labour,Labour HOLD,,
Torbay,25%,10%,31%,33%,2%,0%,0%,0%,Reform UK,Liberal Democrat,Reform UK GAIN from Liberal Democrat,,
Torfaen,12%,21%,9%,36%,4%,0%,11%,7%,Reform UK,Labour,Reform UK GAIN from Labour,,
Torridge and Tavistock,30%,13%,22%,30%,5%,0%,0%,1%,Reform UK,Conservative,Reform UK GAIN from Conservative,,
Tottenham,11%,42%,9%,13%,24%,0%,0%,1%,Labour,Labour,Labour HOLD,,
Truro and Falmouth,25%,28%,18%,22%,8%,0%,0%,1%,Labour,Labour,Labour HOLD,,
Tunbridge Wells,27%,12%,38%,18%,6%,0%,0%,0%,Liberal Democrat,Liberal Democrat,Liberal Democrat HOLD,,
Twickenham,20%,21%,41%,10%,8%,0%,0%,1%,Liberal Democrat,Liberal Democrat,Liberal Democrat HOLD,,
Tynemouth,15%,36%,15%,25%,9%,0%,0%,0%,Labour,Labour,Labour HOLD,,
Uxbridge and South Ruislip,27%,22%,6%,32%,12%,0%,0%,1%,Reform UK,Labour,Reform UK GAIN from Labour,,
Vale of Glamorgan,7%,23%,10%,43%,5%,0%,11%,2%,Reform UK,Labour,Reform UK GAIN from Labour,,
Vauxhall and Camberwell Green,12%,45%,13%,13%,17%,0%,0%,0%,Labour,Labour,Labour HOLD,,
Wakefield and Rothwell,16%,28%,13%,37%,6%,0%,0%,1%,Reform UK,Labour,Reform UK GAIN from Labour,,
Wallasey,12%,37%,11%,31%,9%,0%,0%,0%,Labour,Labour,Labour HOLD,,
Walsall and Bloxwich,16%,18%,5%,39%,5%,0%,0%,17%,Reform UK,Labour,Reform UK GAIN from Labour,,
Walthamstow,11%,47%,6%,10%,24%,0%,0%,2%,Labour,Labour,Labour HOLD,,
Warrington North,15%,26%,14%,39%,7%,0%,0%,0%,Reform UK,Labour,Reform UK GAIN from Labour,,
Warrington South,20%,32%,16%,26%,7%,0%,0%,0%,Labour,Labour,Labour HOLD,,
Warwick and Leamington,21%,35%,13%,18%,12%,0%,0%,0%,Labour,Labour,Labour HOLD,,
Washington and Gateshead South,10%,22%,11%,51%,6%,0%,0%,0%,Reform UK,Labour,Reform UK GAIN from Labour,,
Watford,29%,23%,12%,29%,8%,0%,0%,1%,Conservative,Labour,Conservative GAIN from Labour,,
Waveney Valley,23%,8%,9%,22%,38%,0%,0%,0%,Green,Green,Green HOLD,,
Weald of Kent,37%,13%,10%,29%,11%,0%,0%,0%,Conservative,Conservative,Conservative HOLD,,
Wellingborough and Rushden,23%,21%,10%,39%,8%,0%,0%,0%,Reform UK,Labour,Reform UK GAIN from Labour,,
Wells and Mendip Hills,27%,10%,39%,19%,5%,0%,0%,1%,Liberal Democrat,Liberal Democrat,Liberal Democrat HOLD,,
Welwyn Hatfield,30%,24%,6%,25%,14%,0%,0%,1%,Conservative,Labour,Conservative GAIN from Labour,,
West Aberdeenshire and Kincardine,28%,6%,5%,21%,0%,37%,0%,3%,SNP,Conservative,SNP GAIN from Conservative,,
West Bromwich,17%,26%,9%,42%,6%,0%,0%,1%,Reform UK,Labour,Reform UK GAIN from Labour,,
West Dorset,31%,10%,41%,13%,5%,0%,0%,0%,Liberal Democrat,Liberal Democrat,Liberal Democrat HOLD,,
West Dunbartonshire,7%,17%,7%,17%,2%,50%,0%,1%,SNP,Labour,SNP GAIN from Labour,,
West Ham and Beckton,13%,30%,5%,20%,14%,0%,0%,18%,Labour,Labour,Labour HOLD,,
West Lancashire,15%,31%,15%,31%,9%,0%,0%,0%,Labour,Labour,Labour HOLD,,
West Suffolk,25%,18%,16%,34%,7%,0%,0%,0%,Reform UK,Conservative,Reform UK GAIN from Conservative,,
West Worcestershire,30%,13%,25%,22%,10%,0%,0%,0%,Conservative,Conservative,Conservative HOLD,,
Westmorland and Lonsdale,24%,8%,48%,17%,3%,0%,0%,0%,Liberal Democrat,Liberal Democrat,Liberal Democrat HOLD,,
Weston-super-Mare,23%,22%,12%,37%,6%,0%,0%,0%,Reform UK,Labour,Reform UK GAIN from Labour,,
Wetherby and Easingwold,34%,18%,15%,22%,11%,0%,0%,0%,Conservative,Conservative,Conservative HOLD,,
Whitehaven and Workington,15%,27%,14%,41%,4%,0%,0%,0%,Reform UK,Labour,Reform UK GAIN from Labour,,
Widnes and Halewood,9%,37%,13%,34%,8%,0%,0%,0%,Labour,Labour,Labour HOLD,,
Wigan,11%,25%,11%,46%,5%,0%,0%,1%,Reform UK,Labour,Reform UK GAIN from Labour,,
Wimbledon,24%,24%,39%,9%,4%,0%,0%,1%,Liberal Democrat,Liberal Democrat,Liberal Democrat HOLD,,
Winchester,28%,10%,45%,12%,5%,0%,0%,0%,Liberal Democrat,Liberal Democrat,Liberal Democrat HOLD,,
Windsor,33%,21%,20%,20%,6%,0%,0%,1%,Conservative,Conservative,Conservative HOLD,,
Wirral West,21%,36%,14%,19%,10%,0%,0%,0%,Labour,Labour,Labour HOLD,,
Witham,31%,16%,13%,30%,9%,0%,0%,0%,Conservative,Conservative,Conservative HOLD,,
Witney,26%,13%,38%,18%,4%,0%,0%,0%,Liberal Democrat,Liberal Democrat,Liberal Democrat HOLD,,
Woking,23%,15%,34%,21%,5%,0%,0%,1%,Liberal Democrat,Liberal Democrat,Liberal Democrat HOLD,,
Wokingham,29%,12%,42%,13%,5%,0%,0%,0%,Liberal Democrat,Liberal Democrat,Liberal Democrat HOLD,,
Wolverhampton North East,21%,24%,10%,39%,5%,0%,0%,1%,Reform UK,Labour,Reform UK GAIN from Labour,,
Wolverhampton South East,13%,23%,8%,50%,6%,0%,0%,0%,Reform UK,Labour,Reform UK GAIN from Labour,,
Wolverhampton West,22%,26%,11%,29%,11%,0%,0%,1%,Reform UK,Labour,Reform UK GAIN from Labour,,
Worcester,21%,25%,15%,27%,12%,0%,0%,0%,Reform UK,Labour,Reform UK GAIN from Labour,,
Worsley and Eccles,14%,28%,11%,38%,8%,0%,0%,1%,Reform UK,Labour,Reform UK GAIN from Labour,,
Worthing West,27%,24%,11%,26%,11%,0%,0%,0%,Conservative,Labour,Conservative GAIN from Labour,,
Wrexham,17%,17%,7%,31%,4%,0%,17%,7%,Reform UK,Labour,Reform UK GAIN from Labour,,
Wycombe,24%,20%,11%,24%,9%,0%,0%,12%,Conservative,Labour,Conservative GAIN from Labour,,
Wyre Forest,25%,18%,13%,38%,6%,0%,0%,0%,Reform UK,Conservative,Reform UK GAIN from Conservative,,
Wythenshawe and Sale East,14%,34%,7%,32%,13%,0%,0%,1%,Labour,Labour,Labour HOLD,,
Yeovil,22%,10%,38%,26%,4%,0%,0%,0%,Liberal Democrat,Liberal Democrat,Liberal Democrat HOLD,,
Ynys M�n,10%,13%,1%,36%,1%,0%,35%,6%,Reform UK,Plaid Cymru,Reform UK GAIN from Plaid Cymru,,
York Central,12%,33%,16%,23%,15%,0%,0%,0%,Labour,Labour,Labour HOLD,,
York Outer,24%,29%,21%,19%,7%,0%,0%,0%,Labour,Labour,Labour HOLD,,